	Novel	Characters	# of Re-Occurring Characters
44	Scenes from a Courtesan’s Life	['Braschon', 'Givry', 'Corentin', 'Katt', 'Collin, Jacques', 'Meynardie, Madame', 'Gobseck, Esther Van', 'Espard, Jeanne-Clementine-Athenais de Blamont-Chauvry, Marquise d’', 'Sechard, David', 'Desroches (son)', 'Grandlieu, Mademoiselle de', 'Espard, Charles-Maurice-Marie-Andoche, Comte de Negrepelisse, Marquis d’', 'Mirbel, Madame de', 'Lenoncourt-Givry, Duchesse de', 'Derville', 'Chardon, Madame (nee Rubempre)', 'Bibi-Lupin (chief of secret police, called himself Gondureau)', 'La Peyrade, Madame de', 'Rhetore, Duc Alphonse de', 'Beaumesnil, Mademoiselle', 'Peyrade', 'Nourrisson, Madame', 'Serizy, Comtesse de', 'Louchard', 'Vernou, Felicien', 'Rubempre, Lucien-Chardon de', 'Cerizet', 'Dauriat', 'Gaillard, Theodore', 'Blondet, Emile', 'Schmucke, Wilhelm', 'Ajuda-Pinto, Marquis Miguel d’', 'Maufrigneuse, Duchesse de', 'Selerier', 'Godeschal, Marie', 'Collin, Jacqueline', 'Bianchon, Horace', 'Lebrun', 'Gobseck, Sarah Van', 'Marron', 'Cachan', 'Estourny, Charles d’', 'Madeleine', 'Portenduere, Vicomte Savinien de', 'Rastignac, Eugene de', 'Grandlieu, Duc Ferdinand de', 'Grandlieu, Vicomte Juste de', 'Lupeaulx, Clement Chardin des', 'Montcornet, Marechal, Comte de', 'Nucingen, Baron Frederic de', 'La Peyrade, Charles-Marie-Theodose de', 'Nathan, Raoul', 'Falleix, Jacques', 'Bauvan, Comte Octave de', 'Crottat, Monsieur and Madame', 'Camusot de Marville, Madame', 'Poiret, Madame (nee Christine-Michelle Michonneau)', 'Espard, Chevalier d’', 'Maufrigneuse, Duc de', 'Herrera, Carlos', 'Grandlieu, Vicomtesse de', 'Poiret, the elder', 'Lousteau, Etienne', 'Chatelet, Sixte, Baron du', 'Granville, Vicomte de', 'Fouche, Joseph', 'Navarreins, Duc de', 'Bouvard, Doctor', 'Grindot', 'Louis XVIII., Louis-Stanislas-Xavier', 'Vivet, Madeleine', 'Granville, Baron Eugene de', 'Gaillard, Madame Theodore', 'Nucingen, Baronne Delphine de', 'Finot, Andoche', 'Grandlieu, Duchesse Ferdinand de', 'Chaulieu, Henri, Duc de', 'Camusot de Marville', 'Bridau, Philippe', 'Beaupre, Fanny', 'Tours-Minieres, Bernard-Polydor Bryond, Baron des', 'Sechard, Madame David', 'Grandlieu, Vicomtesse Juste de', 'Nathan, Madame Raoul', 'Bixiou, Jean-Jacques', 'Massol', 'Gaudissart, Felix', 'Serizy, Comte Hugret de', 'Desplein']	89
56	The Deputy of Arcis	['Camps, Madame Octave de', 'Lanty, Marianina de', 'Collin, Jacques', 'Zambinella', 'Sallenauve, Comtesse de', 'Marion (of Arcis)', 'Rastignac, Eugene de', 'Saint-Hereen, Comtesse Moina de', 'Vinet', 'Varlet', 'Troubert, Abbe Hyacinthe', 'Carigliano, Duchesse de', 'Nucingen, Baronne Delphine de', 'Goujet, Abbe', 'Suzon', 'Canalis, Constant-Cyr-Melchior, Baron de', 'La Bastie la Briere, Madame Ernest de', 'Maufrigneuse, Georges de', 'Michu, Madame Francois', 'Sarrasine, Ernest-Jean', 'Camps, Octave de', 'Gothard', 'Beauvisage (tenant)', 'Lanty, Comtesse de', 'Keller, Francois', 'Gaston, Marie', 'Lenoncourt-Givry, Duc de', 'Tillet, Ferdinand du', 'Montriveau, General Marquis Armand de', 'Vien, Joseph-Marie', 'Marion (brother)', 'Franchessini, Colonel', 'Lanty, Filippo de', 'Maufrigneuse, Berthe de', 'Stidmann', 'Trailles, Comte Maxime de', 'Gondreville, Malin, Comte de', 'Estorade, Armand de l’', 'Mary', 'Beauvisage, Phileas', 'Hortense', 'Bridau, Joseph', 'Michu, Francois', 'Restaud, Madame Ernest de', 'Ronquerolles, Marquis de', 'Hulot, Victorin', 'Estorade, Louis, Chevalier, then Vicomte and Comte de l’', 'Philippe', 'Hauteserre, D’', 'Keller, Madame Francois', 'Dionis', 'Fontanon, Abbe', 'Chocardelle, Mademoiselle', 'Bixiou, Jean-Jacques', 'Grevin', 'La Roche-Hugon, Martial de', 'Maufrigneuse, Duchesse de', 'Rastignac, Laure-Rose and Agathe de', 'Giguet, Colonel', 'Vinet, Olivier', 'Restaud, Felix-Georges de', 'Cinq-Cygne, Laurence, Comtesse (afterwards Marquise de)', 'Chargeboeuf, Melchior-Rene, Vicomte de', 'Marest, Frederic', 'Gobseck, Sarah Van', 'Rhetore, Duc Alphonse de', 'Cadine, Jenny', 'Brandon, Lady Marie Augusta', 'Cointet, Boniface', 'Estorade, Madame de l’', 'Restaud, Ernest de', 'Arthez, Daniel d’', 'Blondet, Virginie', 'Lanty, Comte de']	74
0	A Distinguished Provincial at Paris	['Negrepelisse, De', 'Gaillard, Madame Theodore', 'Collin, Jacques', 'Beaudenord, Godefroid de', 'Gentil', 'Rastignac, Eugene de', 'Galathionne, Prince and Princess (both not in each story)', 'Ridal, Fulgence', 'Chatelet, Marie-Louise-Anais de Negrepelisse, Baronne du', 'Carigliano, Duchesse de', 'Espard, Jeanne-Clementine-Athenais de Blamont-Chauvry, Marquise d’', 'Lupeaulx, Clement Chardin des', 'Finot, Andoche', 'Canalis, Constant-Cyr-Melchior, Baron de', 'A Bachelor’s Establishment', 'Coloquinte', 'Bruel, Claudine Chaffaroux, Madame du', 'Meyraux', 'Montcornet, Marechal, Comte de', 'Marsay, Henri de', 'Sechard, David', 'Nucingen, Baron Frederic de', 'Pombreton, Marquis de', 'Desroches (son)', 'Coralie, Mademoiselle', 'Tillet, Ferdinand du', 'Vernou, Felicien', 'Montriveau, General Marquis Armand de', 'Camusot', 'Bruel, Jean Francois du', 'Nathan, Raoul', 'Nucingen, Baronne Delphine de', 'Samanon', 'Chaboisseau', 'Berenice', 'Scenes from a Courtesan’s Life', 'Bridau, Joseph', 'Giraud, Leon', 'Barbet', 'Rubempre, Lucien-Chardon de', 'Sechard, Madame David', 'Cabirolle, Agathe-Florentine', 'Chrestien, Michel', 'Nathan, Madame Raoul', 'Listomere, Marquise de', 'Palma (banker)', 'Dauriat', 'Listomere, Marquis de', 'Lambert, Louis', 'Gaillard, Theodore', 'Blondet, Emile', 'Cardot, Jean-Jerome-Severin', 'Giroudeau', 'Lousteau, Etienne', 'Bianchon, Horace', 'Foy, Maximilien-Sebastien', 'Chatelet, Sixte, Baron du', 'Vandenesse, Comte Felix de', 'Rhetore, Duc Alphonse de', 'Vignon, Claude', 'Manerville, Paul Francois-Joseph, Comte de', 'Matifat (wealthy druggist)', 'Braulard', 'Cavalier', 'Arthez, Daniel d’', 'Grindot', 'Blondet, Virginie', 'Touches, Mademoiselle Felicite des']	68
42	Rise and Fall of Cesar Birotteau	['Braschon', 'Crevel, Celestin', 'Rabourdin, Xavier', 'Guillaume', 'Protez and Chiffreville', 'Vandenesse, Marquise Charles de', 'Mongenod', 'Nucingen, Baronne Delphine de', 'Finot, Andoche', 'Lourdois', 'Haudry (doctor)', 'Fontaine, Comte de', 'Keller, Francois', 'Nucingen, Baron Frederic de', 'Cochin, Adolphe', 'Matifat, Mademoiselle', 'Thouvenin', 'Tillet, Ferdinand du', 'Thirion', 'Camusot', 'Loraux, Abbe', 'Desmartes, Madame Jules', 'Trailles, Comte Maxime de', 'Granville, Vicomte de (later Comte)', 'Desmartes, Jules', 'Crottat, Monsieur and Madame', 'Camusot de Marville, Madame', 'Matifat, Madame', 'Roguin', 'Bidault (known as Gigonnet)', 'Palma (banker)', 'Popinot, Jean-Jules', 'Roguin, Madame', 'Vaillant, Madame', 'Lebas, Madame Joseph (Virginie)', 'Chiffreville, Monsieur and Madame', 'Birotteau, Cesar', 'Cardot, Jean-Jerome-Severin', 'Werbrust', 'Birotteau, Abbe Francois', 'Molineux, Jean-Baptiste', 'Saillard, Madame', 'Gobseck, Jean-Esther Van', 'Cochin, Emile-Louis-Lucien-Emmanuel', 'Listomere, Baronne de', 'Popinot, Anselme', 'Bianchon, Horace', 'Claparon, Charles', 'Vandenesse, Comte Felix de', 'Gobseck, Sarah Van', 'Popinot, Madame Anselme', 'Sommervieux, Madame Theodore de (Augustine)', 'Gaudissart, Felix', 'Lebas, Joseph', 'Montauran, Marquis Alphonse de', 'Ragon, M. and Mme.', 'Crottat, Alexandre', 'Matifat (wealthy druggist)', 'Chaffaroux', 'La Billardiere, Athanase-Jean-Francois-Michel, Baron Flamet de', 'Lenoncourt, Duc de', 'Keller, Adolphe', 'Derville, Madame', 'Grindot']	64
41	Poor Relations	"['Graff, Wolfgang', 'Hannequin, Leopold', 'Lefebvre, Robert', 'Nourrisson, Madame', 'Ronceret, Madame Fabien du', 'Turquet, Marguerite', 'Crevel, Celestin', 'Hulot (Marshal)', 'Vernisset, Victor de', 'Rastignac, Eugene de', 'Vauvinet', 'Steinbock, Count Wenceslas', 'La Bastie la Briere, Madame Ernest de', 'Popinot, Vicomte', 'Falcon, Jean', 'Paz, Thaddee', 'Montcornet, Marechal, Comte de', 'Rochefide, Marquis Arthur de', 'Lebas', 'Nucingen, Baron Frederic de', 'Lenoncourt-Givry, Duc de', 'Tillet, Ferdinand du', 'Vernou, Felicien', ""Esgrignon, Victurnien, Comte (then Marquis d')"", 'Chanor', 'Colleville, Flavie Minoret, Madame', 'Rivet, Achille', 'Samanon', 'Stidmann', 'Trailles, Comte Maxime de', 'Beauvisage, Phileas', 'Bridau, Joseph', 'Hulot, Victorin', 'La Chanterie, Baronne Henri le Chantre de', 'Grassou, Pierre', 'Lebas, Madame Joseph (Virginie)', 'Sinet, Seraphine', 'Chocardelle, Mademoiselle', 'Brisetout, Heloise', 'Bixiou, Jean-Jacques', 'La Baudraye, Madame Polydore Milaud de', ""Herouville, Duc d'"", 'Laginski, Comte Adam Mitgislas', 'La Roche-Hugon, Martial de', 'Lousteau, Etienne', 'Massol', 'Collin, Jacqueline', 'Bianchon, Horace', 'Montauran, Marquis de (younger brother of Alphonse de)', 'Popinot, Anselme', 'Lora, Leon de', 'Popinot, Madame Anselme', 'Vignon, Claude', 'Lebas, Joseph', 'Cadine, Jenny', 'Berthier (Parisian notary)', 'Navarreins, Duc de', 'Braulard', 'La Palferine, Comte de', 'Grindot']"	60
17	Cousin Betty	['Graff, Wolfgang', 'Hannequin, Leopold', 'Lefebvre, Robert', 'Nourrisson, Madame', 'Ronceret, Madame Fabien du', 'Turquet, Marguerite', 'Crevel, Celestin', 'Hulot (Marshal)', 'Vernisset, Victor de', 'Rastignac, Eugene de', 'Vauvinet', 'Steinbock, Count Wenceslas', 'La Bastie la Briere, Madame Ernest de', 'Popinot, Vicomte', 'Falcon, Jean', 'Paz, Thaddee', 'Montcornet, Marechal, Comte de', 'Rochefide, Marquis Arthur de', 'Lebas', 'Nucingen, Baron Frederic de', 'Lenoncourt-Givry, Duc de', 'Tillet, Ferdinand du', 'Vernou, Felicien', 'Chanor', 'Colleville, Flavie Minoret, Madame', 'Rivet, Achille', 'Samanon', 'Stidmann', 'Trailles, Comte Maxime de', 'Beauvisage, Phileas', 'Bridau, Joseph', 'Hulot, Victorin', 'La Chanterie, Baronne Henri le Chantre de', 'Grassou, Pierre', 'Esgrignon, Victurnien, Comte (then Marquis d’)', 'Herouville, Duc d’', 'Lebas, Madame Joseph (Virginie)', 'Sinet, Seraphine', 'Chocardelle, Mademoiselle', 'Brisetout, Heloise', 'La Baudraye, Madame Polydore Milaud de', 'Bixiou, Jean-Jacques', 'Laginski, Comte Adam Mitgislas', 'La Roche-Hugon, Martial de', 'Massol', 'Lousteau, Etienne', 'Montauran, Marquis de (younger brother of Alphonse de)', 'Collin, Jacqueline', 'Bianchon, Horace', 'Popinot, Anselme', 'Lora, Leon de', 'Popinot, Madame Anselme', 'Vignon, Claude', 'Lebas, Joseph', 'Cadine, Jenny', 'Berthier (Parisian notary)', 'Navarreins, Duc de', 'Braulard', 'La Palferine, Comte de', 'Grindot']	60
15	Bureaucracy	['Camps, Madame Octave de', 'Mitral', 'Brezacs (The)', 'Gaudron, Abbe', 'Rabourdin, Xavier', 'Gruget, Madame Etienne', 'Baudoyer, Isidore', 'Phellion', 'Chatelet, Marie-Louise-Anais de Negrepelisse, Baronne du', 'La Bastie la Briere, Ernest de', 'Lupeaulx, Clement Chardin des', 'Finot, Andoche', 'Fontaine, Comte de', 'Keller, Francois', 'Minorets, The', 'Desroches (son)', 'Thuillier, Louis-Jerome', 'Fleury', 'Schinner, Hippolyte', 'Metivier', 'Laudigeois', 'Bruel, Jean Francois du', 'Colleville, Flavie Minoret, Madame', 'Granson, Athanase', 'Samanon', 'Falleix, Jacques', 'Sommervieux, Theodore de', 'Chaboisseau', 'Rubempre, Lucien-Chardon de', 'Nathan, Madame Raoul', 'Bidault (known as Gigonnet)', 'Chessel, Madame de', 'Thuillier, Marie-Jeanne-Brigitte', 'Fontanon, Abbe', 'Poiret, the elder', 'Bixiou, Jean-Jacques', 'Thuillier', 'Gobseck, Jean-Esther Van', 'Cochin, Emile-Louis-Lucien-Emmanuel', 'Colleville', 'Rabourdin, Madame', 'Bianchon, Horace', 'Saillard', 'Godard, Joseph', 'Dutocq', 'Minard, Madame', 'Desplein', 'Ferraud, Comtesse', 'La Billardiere, Athanase-Jean-Francois-Michel, Baron Flamet de', 'Minard, Auguste-Jean-Francois', 'Falleix, Martin', 'Louis XVIII., Louis-Stanislas-Xavier']	52
63	The Lesser Bourgeoisie	['Katt', 'Corentin', 'Rabourdin, Xavier', 'Vinet', 'Baudoyer, Isidore', 'Galathionne, Prince and Princess (both not in each story)', 'Phellion', 'Metivier (nephew)', 'Bruel, Claudine Chaffaroux, Madame du', 'Godeschal, Francois-Claude-Marie', 'Desroches (son)', 'Tillet, Ferdinand du', 'Fleury', 'La Peyrade, Charles-Marie-Theodose de', 'Metivier', 'Laudigeois', 'Bruel, Jean Francois du', 'Colleville, Flavie Minoret, Madame', 'Barbet', 'Bruno', 'Cerizet', 'Poiret, Madame (nee Christine-Michelle Michonneau)', 'Grassou, Pierre', 'Popinot, Jean-Jules', 'Crochard, Charles', 'Thuillier, Marie-Jeanne-Brigitte', 'Cardot (Parisian notary)', 'Couture', 'Brisetout, Heloise', 'La Roche-Hugon, Martial de', 'Poiret, the elder', 'Vinet, Olivier', 'Cochin, Emile-Louis-Lucien-Emmanuel', 'Colleville', 'Lousteau, Etienne', 'Bianchon, Horace', 'Saillard', 'Claparon, Charles', 'Godard, Joseph', 'Dutocq', 'La Peyrade, Madame de', 'Bousquier, Du (or Du Croisier or Du Bourguier)', 'Minard, Madame', 'Beaumesnil, Mademoiselle', 'Chaffaroux', 'Minard, Auguste-Jean-Francois', 'Keller, Adolphe', 'Thuillier', 'Grindot', 'Thuillier, Louis-Jerome']	50
72	The Two Brothers	['Gaillard, Madame Theodore', 'Cabirolle, Madame', 'Gruget, Madame Etienne', 'Grandlieu, Duc Ferdinand de', 'Ridal, Fulgence', 'Gobseck, Esther Van', 'Lupeaulx, Clement Chardin des', 'Rouget, Jean-Jacques', 'Finot, Andoche', 'Coloquinte', 'Bruel, Claudine Chaffaroux, Madame du', 'Haudry (doctor)', 'Godeschal, Francois-Claude-Marie', 'Chaulieu, Henri, Duc de', 'Coralie, Mademoiselle', 'Desroches (son)', 'Grandlieu, Mademoiselle de', 'Schinner, Hippolyte', 'Tillet, Ferdinand du', 'Vernou, Felicien', 'Bridau, Philippe', 'Camusot', 'Loraux, Abbe', 'Bruel, Jean Francois du', 'Bridau, Joseph', 'Giraud, Leon', 'Cabirolle, Agathe-Florentine', 'Chrestien, Michel', 'Magus, Elie', 'Grassou, Pierre', 'Nathan, Madame Raoul', 'Roguin', 'Maufrigneuse, Duc de', 'Birotteau, Cesar', 'Cardot, Jean-Jerome-Severin', 'Bixiou, Jean-Jacques', 'Giroudeau', 'Godeschal, Marie', 'Lousteau, Etienne', 'Bianchon, Horace', 'Claparon, Charles', 'Lora, Leon de', 'Rhetore, Duc Alphonse de', 'Serizy, Comte Hugret de', 'Desplein', 'Matifat (wealthy druggist)', 'Navarreins, Duc de', 'Brambourg, Comte de (Title of Philippe Bridau, later Joseph)', 'Gerard, Francois-Pascal-Simon, Baron', 'Touches, Mademoiselle Felicite des']	50
14	Beatrix	['Casteran, De', 'Hannequin, Leopold', 'Gaillard, Madame Theodore', 'Ronceret, Madame Fabien du', 'Conti, Gennaro', 'Portenduere, Vicomte Savinien de', 'Gobenheim', 'Vernisset, Victor de', 'Halga, Chevalier du', 'Galathionne, Prince and Princess (both not in each story)', 'Simeuse, Admiral de', 'Cambremer, Pierre', 'Espard, Jeanne-Clementine-Athenais de Blamont-Chauvry, Marquise d’', 'Maufrigneuse, Georges de', 'Canalis, Constant-Cyr-Melchior, Baron de', 'Grandlieu, Duchesse Ferdinand de', 'Rochefide, Marquis Arthur de', 'Guenic, Gaudebert-Calyste-Charles, Baron du', 'Ronceret, Du', 'Trailles, Comte Maxime de', 'Maufrigneuse, Berthe de', 'Stidmann', 'Blondet (Judge)', 'Gaillard, Theodore', 'Ajuda-Pinto, Marquis Miguel d’', 'Chocardelle, Mademoiselle', 'Bixiou, Jean-Jacques', 'Brossette, Abbe', 'Ferdinand', 'Lousteau, Etienne', 'Portenduere, Vicomtesse Savinien de', 'Ronceret, Fabien-Felicien du (or Duronceret)', 'Lora, Leon de', 'Rochefide, Marquise de', 'Vignon, Claude', 'Cadine, Jenny', 'Lenoncourt, Duc de', 'La Palferine, Comte de', 'Grindot', 'Gerard, Francois-Pascal-Simon, Baron', 'Touches, Mademoiselle Felicite des']	41
10	An Historical Mystery	['Corentin', 'Lefebvre, Robert', 'Marion (of Arcis)', 'Rastignac, Eugene de', 'Grandlieu, Duc Ferdinand de', 'Simeuse, Admiral de', 'Varlet', 'Espard, Jeanne-Clementine-Athenais de Blamont-Chauvry, Marquise d’', 'Goujet, Abbe', 'Maufrigneuse, Georges de', 'Gothard', 'Marsay, Henri de', 'Michu, Madame Francois', 'Peyrade', 'Talleyrand-Perigord, Charles-Maurice de', 'Bonaparte, Lucien', 'Bordin', 'Murat, Joachim, Prince', 'Marion (brother)', 'Maufrigneuse, Berthe de', 'Gondreville, Malin, Comte de', 'Michu, Francois', 'Steingel', 'Derville', 'Duroc, Gerard-Christophe-Michel', 'Hauteserre, D’', 'Berthier, Alexandre', 'Grevin', 'Maufrigneuse, Duchesse de', 'Giguet, Colonel', 'Cinq-Cygne, Laurence, Comtesse (afterwards Marquise de)', 'Granville, Vicomte de', 'Vandenesse, Comte Felix de', 'Fouche, Joseph', 'Navarreins, Duc de', 'Regnier, Claude-Antoine', 'Lenoncourt, Duc de', 'Rapp', 'Louis XVIII., Louis-Stanislas-Xavier']	39
22	Father Goriot	['Maurice (de Restaud’s valet)', 'Collin, Jacques', 'Tissot, Pierre-Francois', 'Beauseant, Marquis', 'Rastignac, Eugene de', 'Rastignac, Baron and Baronne de (Eugene’s parents)', 'Jacques (M. de Beauseant’s butler)', 'Restaud, Comtesse Anastasie de', 'Nucingen, Baronne Delphine de', 'Taillefer, Victorine', 'Marsay, Henri de', 'Therese', 'Nucingen, Baron Frederic de', 'Beauseant, Vicomte de', 'Montriveau, General Marquis Armand de', 'Rastignac, Monseigneur Gabriel de', 'Restaud, Comte de', 'Franchessini, Colonel', 'Trailles, Comte Maxime de', 'Beauseant, Vicomtesse de', 'Taillefer, Jean-Frederic', 'Poiret, Madame (nee Christine-Michelle Michonneau)', 'Derville', 'Poiret', 'Bibi-Lupin (chief of secret police, called himself Gondureau)', 'Ajuda-Pinto, Marquis Miguel d’', 'Gobseck, Jean-Esther Van', 'Rastignac, Laure-Rose and Agathe de', 'Selerier', 'Bianchon, Horace', 'Langeais, Duchesse Antoinette de', 'Carigliano, Marechal, Duc de', 'Galathionne, Princess']	33
5	A Start in Life	['Cabirolle, Madame', 'Gaudron, Abbe', 'Vandenesse, Marquis Charles de', 'Serizy, Comtesse de', 'Finot, Andoche', 'Canalis, Constant-Cyr-Melchior, Baron de', 'Godeschal, Francois-Claude-Marie', 'Lupin, Amaury', 'Desroches (son)', 'Coralie, Mademoiselle', 'Schinner, Hippolyte', 'Beaupre, Fanny', 'Loraux, Abbe', 'Marest, Georges', 'Bruel, Jean Francois du', 'Gondreville, Malin, Comte de', 'Bridau, Joseph', 'Cabirolle, Agathe-Florentine', 'Derville', 'Maufrigneuse, Duc de', 'Cardot, Jean-Jerome-Severin', 'Poiret, the elder', 'Grevin', 'Godeschal, Marie', 'Giroudeau', 'Marest, Frederic', 'Rouvre, Marquis du', 'Vandenesse, Comte Felix de', 'Lora, Leon de', 'Serizy, Comte Hugret de', 'Serizy, Vicomte de', 'Crottat, Alexandre', 'Grindot']	33
20	Eve and David	['Collin, Jacques', 'Conti, Gennaro', 'Rastignac, Eugene de', 'Rastignac, Baron and Baronne de (Eugene’s parents)', 'Nucingen, Baronne Delphine de', 'Chatelet, Marie-Louise-Anais de Negrepelisse, Baronne du', 'Sechard, David', 'Marsay, Henri de', 'Nucingen, Baron Frederic de', 'Prieur, Madame', 'Metivier', 'Hautoy, Francis du', 'Petit-Claud', 'Courtois', 'Rubempre, Lucien-Chardon de', 'Cerizet', 'Sechard, Madame David', 'Cointet, Jean', 'Chardon, Madame (nee Rubempre)', 'Herrera, Carlos', 'Milaud', 'Pimentel, Marquis and Marquise de', 'Victorine', 'Senonches, Jacques de', 'Chatelet, Sixte, Baron du', 'Postel', 'Courtois, Madame', 'Marron', 'Senonches, Madame Jacques de', 'Cointet, Boniface', 'Sechard, Jerome-Nicholas', 'Touches, Mademoiselle Felicite des']	32
30	Letters of Two Brides	"['Givry', 'Sallenauve, Comtesse de', 'Stael-Holstein (Anne-Louise-Germaine Necker), Baronne de', 'Maucombe, Comte de', 'Canalis, Constant-Cyr-Melchior, Baron de', 'Marsay, Henri de', 'Bruel, Claudine Chaffaroux, Madame du', ""Estorade, Louis, Chevalier, then Vicomte and Comte de l'"", 'Gaston, Marie', 'Chaulieu, Henri, Duc de', 'Lenoncourt-Givry, Duc de', 'Gaston, Louis', 'Talleyrand-Perigord, Charles-Maurice de', 'Beauseant, Marquise de', ""Esgrignon, Victurnien, Comte (then Marquis d')"", 'Mirbel, Madame de', 'Lenoncourt-Givry, Duchesse de', 'Nathan, Raoul', 'Mary', ""Espard, Jeanne-Clementine-Athenais de Blamont-Chauvry, Marquise d'"", 'Bridau, Joseph', ""Estorade, Madame de l'"", 'Chaulieu, Eleonore, Duchesse de', 'Dudley, Lady Arabella', 'Maufrigneuse, Duchesse de', 'Victorine', 'Bianchon, Horace', 'Vandenesse, Comte Felix de', 'Rhetore, Duc Alphonse de', ""Arthez, Daniel d'"", ""Estorade, Armand de l'""]"	31
75	Two Poets	['Negrepelisse, De', 'Gentil', 'Maucombe, Comte de', 'Rastignac, Baron and Baronne de (Eugene’s parents)', 'Chatelet, Marie-Louise-Anais de Negrepelisse, Baronne du', 'Sechard, David', 'Prieur, Madame', 'Sechard, Jerome-Nicolas', 'Bargeton, Madame de (see Chatelet, Baronne du)', 'Montriveau, General Marquis Armand de', 'Grozier, Abbe', 'Hautoy, Francis du', 'Petit-Claud', 'Courtois', 'Stanhope, Lady Esther', 'Rubempre, Lucien-Chardon de', 'Sechard, Madame David', 'Cerizet', 'Cointet, Jean', 'Chardon, Madame (nee Rubempre)', 'Letters of Two Brides', 'Pimentel, Marquis and Marquise de', 'Rastignac, Laure-Rose and Agathe de', 'Senonches, Jacques de', 'Chatelet, Sixte, Baron du', 'Postel', 'Courtois, Madame', 'Desplein', 'Senonches, Madame Jacques de', 'Cointet, Boniface']	30
53	The Collection of Antiquities	['Casteran, De', 'Ronceret, Madame du', 'Coudrai, Du', 'Marsay, Henri de', 'Leroi, Pierre', 'Camusot de Marville', 'Ronceret, Du', 'Thirion', 'Michu, Francois', 'Camusot de Marville, Madame', 'Scherbelloff, Princesse (or Scherbellof or Sherbelloff)', 'Blondet (Judge)', 'Troisville, Guibelin, Vicomte de', 'Esgrignon, Victurnien, Comte (then Marquis d’)', 'Herouville, Duc d’', 'Cardot (Parisian notary)', 'Blondet, Emile', 'Maufrigneuse, Duchesse de', 'Chesnel (or Choisnel)', 'Esgrignon, Charles-Marie-Victor-Ange-Carol, Marquis d’ (or Des Grignons)', 'Verneuil, Duc de', 'Ronceret, Fabien-Felicien du (or Duronceret)', 'Bousquier, Du (or Du Croisier or Du Bourguier)', 'Valois, Chevalier de', 'Esgrignon, Marie-Armande-Claire d’', 'Pamiers, Vidame de', 'Bousquier, Madame du (or du Croisier)', 'Blondet, Virginie', 'Lenoncourt, Duc de']	29
59	The Firm of Nucingen	['Beaudenord, Godefroid de', 'Grandet, Charles', 'Rastignac, Eugene de', 'Gobseck, Esther Van', 'Nucingen, Baronne Delphine de', 'Finot, Andoche', 'Nucingen, Baron Frederic de', 'Cochin, Adolphe', 'Desroches (son)', 'Matifat, Mademoiselle', 'Tillet, Ferdinand du', 'Taillefer, Jean-Frederic', 'Matifat, Madame', 'Bidault (known as Gigonnet)', 'Aiglemont, General, Marquis Victor d’', 'Palma (banker)', 'Blondet, Emile', 'Toby (Joby, Paddy)', 'Couture', 'Bixiou, Jean-Jacques', 'Cochin, Emile-Louis-Lucien-Emmanuel', 'Claparon, Charles', 'Werbrust', 'Matifat (wealthy druggist)', 'Cointet, Boniface', 'Grandet, Victor-Ange-Guillaume', 'Minard, Auguste-Jean-Francois', 'Falleix, Martin']	28
50	The Brotherhood of Consolation	['Casteran, De', 'Vernisset, Victor de', 'Mongenod', 'Bonaparte, Napoleon', 'Metivier (nephew)', 'Leroi, Pierre', 'Mongenod, Frederic', 'Haudry (doctor)', 'Lelewel', 'Bourlac, Bernard-Jean-Baptiste-Macloud, Baron de', 'Bordin', 'Nathan, Raoul', 'Tours-Minieres, Bernard-Polydor Bryond, Baron des', 'Cibot, Jean (alias Pille-Miche)', 'Barbet', 'La Chanterie, Baronne Henri le Chantre de', 'Troisville, Guibelin, Vicomte de', 'Popinot, Jean-Jules', 'Vissard, Charles-Amedee-Louis-Joseph Rifoel, Chevalier du', 'Champignelles, De', 'Chesnel (or Choisnel)', 'Montauran, Marquis de (younger brother of Alphonse de)', 'Cinq-Cygne, Laurence, Comtesse (afterwards Marquise de)', 'Bianchon, Horace', 'Marest, Frederic', 'Desplein', 'Cavalier', 'Louis XVIII., Louis-Stanislas-Xavier']	28
70	The Secrets of the Princesse de Cadignan	['Rastignac, Eugene de', 'Galathionne, Prince and Princess (both not in each story)', 'Espard, Jeanne-Clementine-Athenais de Blamont-Chauvry, Marquise d’', 'Maufrigneuse, Georges de', 'Marsay, Henri de', 'Nucingen, Baron Frederic de', 'Tillet, Ferdinand du', 'Cadignan, Prince de', 'Mirbel, Madame de', 'Nathan, Raoul', 'Trailles, Comte Maxime de', 'Giraud, Leon', 'Chrestien, Michel', 'Espard, Chevalier d’', 'Esgrignon, Victurnien, Comte (then Marquis d’)', 'Maufrigneuse, Duc de', 'Dudley, Lady Arabella', 'Blondet, Emile', 'Toby (Joby, Paddy)', 'Ajuda-Pinto, Marquis Miguel d’', 'Maufrigneuse, Duchesse de', 'Cinq-Cygne, Laurence, Comtesse (afterwards Marquise de)', 'Bianchon, Horace', 'Vandenesse, Comte Felix de', 'Rochefide, Marquise de', 'Navarreins, Duc de', 'Arthez, Daniel d’', 'Blondet, Virginie']	28
76	Unconscious Comedians	['Gaillard, Madame Theodore', 'Nourrisson, Madame', 'Ronceret, Madame Fabien du', 'Rastignac, Eugene de', 'Vauvinet', 'Ridal, Fulgence', 'Canalis, Constant-Cyr-Melchior, Baron de', 'Marsay, Henri de', 'Nucingen, Baron Frederic de', 'Tillet, Ferdinand du', 'Schinner, Hippolyte', 'Nathan, Raoul', 'Trailles, Comte Maxime de', 'Stidmann', 'Giraud, Leon', 'Nathan, Madame Raoul', 'Fontaine, Madame', 'Gaillard, Theodore', 'Sinet, Seraphine', 'Massol', 'Gobseck, Jean-Esther Van', 'Lousteau, Etienne', 'Collin, Jacqueline', 'Lora, Leon de', 'Vignon, Claude', 'Cadine, Jenny', 'Brambourg, Comte de']	27
67	The Muse of the Department	['Turquet, Marguerite', 'Ronceret, Madame Fabien du', 'Hulot (Marshal)', 'Lupeaulx, Clement Chardin des', 'Rouget, Jean-Jacques', 'Falcon, Jean', 'Lebas', 'Nucingen, Baron Frederic de', 'Camusot', 'Beaupre, Fanny', 'Nathan, Raoul', 'Nathan, Madame Raoul', 'Cardot (Parisian notary)', 'Milaud', 'Bixiou, Jean-Jacques', 'La Baudraye, Madame Polydore Milaud de', 'Maufrigneuse, Duchesse de', 'Listomere, Baronne de', 'Lousteau, Etienne', 'Chargeboeuf, Melchior-Rene, Vicomte de', 'Bianchon, Horace', 'Vandenesse, Comtesse Felix de', 'Berthier, Madame (Felicie Cardot)', 'Grosstete (younger brother of F. Grosstete)', 'Navarreins, Duc de', 'Touches, Mademoiselle Felicite des']	26
36	Modeste Mignon	['Schinner, Hippolyte  The Purse', 'Chatillonest, De  A Woman of Thirty', 'Blondet, Emile  Jealousies of a Country Town', 'Estourny, Charles d’  Scenes from a Courtesan’s Life', 'Fontaine, Comte de  The Chouans', 'La Bastie la Briere, Ernest de  The Government Clerks', 'Maufrigneuse, Duchesse de  The Secrets of a Princess', 'Marsay, Henri de  The Thirteen', 'Cadignan, Prince de  The Secrets of a Princess', 'Serizy, Comte Hugret de  A Start in Life', 'Sommervieux, Theodore de  At the Sign of the Cat and Racket', 'Nucingen, Baronne Delphine de  Father Goriot', 'Herouville, Duc d’  The Hated Son', 'Dauriat  A Distinguished Provincial at Paris', 'Beaupre, Fanny  A Start in Life', 'La Bastie la Briere, Madame Ernest de (Modeste)  The Member for Arcis', 'Bixiou, Jean-Jacques  The Purse', 'Chaulieu, Henri, Duc de  Letters of Two Brides', 'Canalis, Constant-Cyr-Melchior, Baron de  Letters of Two Brides', 'Stidmann  Beatrix', 'Serizy, Vicomte de  A Start in Life', 'Desplein  The Atheist’s Mass', 'Grandlieu, Duc Ferdinand de  The Gondreville Mystery', 'Bridau, Joseph  The Purse', 'Loudon, Prince de  The Chouans']	25
52	The Chouans	['Casteran, De', 'Corentin', 'Brigaut, Major', 'Hulot (Marshal)', 'Falcon, Jean (alias Beaupied or Beau-Pied)', 'Leroi, Pierre', 'Fontaine, Comte de', 'Guenic, Gaudebert-Calyste-Charles, Baron du', 'Talleyrand-Perigord, Charles-Maurice de', 'Cibot, Jean (alias Pille-Miche)', 'Troisville, Guibelin, Vicomte de', 'Vissard, Charles-Amedee-Louis-Joseph Rifoel, Chevalier du', 'Berthier, Alexandre', 'Montauran, Marquis de (younger brother of Alphonse de)', 'Ferdinand', 'Verneuil, Duc de', 'Fouche, Joseph', 'Montauran, Marquis Alphonse de', 'La Billardiere, Athanase-Jean-Francois-Michel, Baron Flamet de', 'Esgrignon, Charles-Marie-Victor-Ange-Carol,', 'Loudon, Prince de', 'Valois, Chevalier de', 'Stael-Holstein (Anne-Louise-Germaine Necker) Baronne de', 'Louis XVIII., Louis-Stanislas-Xavier']	24
2	A Man of Business	['Turquet, Marguerite', 'Montcornet, Marechal, Comte de', 'Dudley, Lord', 'Nucingen, Baron Frederic de', 'Desroches (son)', 'Nathan, Raoul', 'Trailles, Comte Maxime de', 'Samanon', 'Chaboisseau', 'Hortense', 'Barbet', 'Cerizet', 'Esgrignon, Victurnien, Comte (then Marquis d’)', 'Cardot (Parisian notary)', 'Chocardelle, Mademoiselle', 'Bixiou, Jean-Jacques', 'Lousteau, Etienne', 'Claparon, Charles', 'La Palferine, Comte de', 'Estourny, Charles d’']	20
12	Another Study of Woman	['Blondet, Virginie (Madame Montcornet)  Jealousies of a Country Town', 'Laginski, Comte Adam Mitgislas  The Imaginary Mistress', 'Maufrigneuse, Duchesse de  The Secrets of a Princess', 'Marsay, Henri de  The Thirteen', 'Espard, Jeanne-Clementine-Athenais de Blamont-Chauvry, Marquise d’', 'Nucingen, Baronne Delphine de  Father Goriot', 'Ronquerolles, Marquis de  The Imaginary Mistress', 'Rastignac, Eugene de  Father Goriot', 'Bianchon, Horace  Father Goriot', 'The Imaginary Mistress', 'Nucingen, Baron Frederic de  The Firm of Nucingen', 'Touches, Mademoiselle Felicite des  Beatrix', 'Montriveau, General Marquis Armand de  The Thirteen', 'Canalis, Constant-Cyr-Melchior, Baron de  Letters of Two Brides', 'Blondet, Émile  Jealousies of a Country Town', 'Serizy, Comtesse de  A Start in Life', 'Dudley, Lord  The Lily of the Valley', 'Vandenesse, Comte Felix de  The Lily of the Valley', 'Portenduere, Vicomtesse Savinien de  Ursule Mirouet', 'Bridau, Joseph  The Purse']	20
62	The Jealousies of a Country Town	"['Casteran, De', 'Simeuse, Admiral de', 'Coudrai, Du', 'Gaillard, Madame Theodore (Suzanne)', 'Pombreton, Marquis de', 'Bordin', 'Ronceret, Du', 'Granson, Athanase', ""Esgrignon, Marie-Armande-Claire d'"", 'Troisville, Guibelin, Vicomte de', 'Chesnel (or Choisnel)', 'Verneuil, Duc de', 'Bousquier, Du (or Du Croisier or Du Bourguier)', 'Bousquier, Madame du (du Croisier) (Mlle. Cormon)', ""Esgrignon, Charles-Marie-Victor-Ange-Carol, Marquis d' (or Des Grignons)"", 'Navarreins, Duc de', 'Ronceret, Madame Du', 'Valois, Chevalier de', 'Lenoncourt, Duc de']"	19
11	An Old Maid	['Casteran, De', 'Simeuse, Admiral de', 'Coudrai, Du', 'Gaillard, Madame Theodore (Suzanne)', 'Pombreton, Marquis de', 'Bordin', 'Ronceret, Du', 'Granson, Athanase', 'Troisville, Guibelin, Vicomte de', 'Chesnel (or Choisnel)', 'Verneuil, Duc de', 'Bousquier, Du (or Du Croisier or Du Bourguier)', 'Bousquier, Madame du (du Croisier) (Mlle. Cormon)', 'Navarreins, Duc de', 'Ronceret, Madame Du', 'Valois, Chevalier de', 'Esgrignon, Marie-Armande-Claire d’', 'Esgrignon, Charles-Marie-Victor-Ange-Carol, Marquis d’ (or Des Grignons)', 'Lenoncourt, Duc de']	19
45	Sons of the Soil	['Casteran, De', 'Carigliano, Duchesse de', 'Montcornet, Marechal, Comte de', 'Minorets, The', 'Lupin, Amaury', 'Bourlac, Bernard-Jean-Baptiste-Macloud, Baron de', 'Marest, Georges', 'Soulanges, Comte Leon de', 'Laguerre, Mademoiselle', 'Ronquerolles, Marquis de', 'Scherbelloff, Princesse (or Scherbellof or Sherbelloff)', 'Steingel', 'Troisville, Guibelin, Vicomte de', 'Blondet, Emile', 'Soulanges, Comtesse Hortense de', 'La Roche-Hugon, Martial de', 'Brossette, Abbe', 'Navarreins, Duc de', 'Blondet, Virginie']	19
77	Ursula	['Nathan, Madame Raoul', 'Portenduere, Vicomte Savinien de', 'Rouvre, Marquis du', 'Portenduere, Vicomtesse Savinien de', 'Rouvre, Chevalier du', 'Dionis', 'Trailles, Comte Maxime de', 'Vandenesse, Marquise Charles de', 'Bouvard, Doctor', 'Schmucke, Wilhelm', 'Lupeaulx, Clement Chardin des', 'Estorade, Madame de l’', 'Kergarouet, Comte de', 'Serizy, Comtesse de', 'Marsay, Henri de', 'Rubempre, Lucien-Chardon de', 'Ronquerolles, Marquis de', 'Mirouet, Ursule (see Portenduere, Vicomtesse Savinien de)']	18
26	Gobseck	['Maurice (de Restaud’s valet)', 'Bidault (known as Gigonnet)', 'Derville', 'Palma (banker)', 'Gobseck, Sarah Van', 'Restaud, Comte de', 'Trailles, Comte Maxime de', 'Restaud, Comtesse Anastasie de', 'Grandlieu, Vicomte Juste de', 'Gobseck, Esther Van', 'Grandlieu, Vicomtesse de', 'Restaud, Ernest de', 'Restaud, Madame Ernest de', 'Gobseck, Jean-Esther Van', 'Derville, Madame', 'Restaud, Felix-Georges de', 'Grandlieu, Vicomtesse Juste de']	17
64	The Lily of the Valley	['Givry', 'Dudley, Lord', 'Listomere, Marquise de', 'Chessel, Madame de', 'Vandenesse, Comte Felix de', 'Listomere, Marquis de', 'Blamont-Chauvry, Princesse de', 'Brandon, Lady Marie Augusta', 'Lenoncourt-Givry, Duchesse de', 'Dudley, Lady Arabella', 'Birotteau, Abbe Francois', 'Lenoncourt, Duc de', 'Stanhope, Lady Esther', 'Marsay, Henri de', 'Manerville, Comtesse Paul de', 'Louis XVIII., Louis-Stanislas-Xavier']	16
38	Paz	['Bianchon, Horace', 'Nathan, Madame Raoul', 'Souchet, Francois', 'Turquet, Marguerite', 'Rouvre, Marquis du', 'Schinner, Hippolyte', 'Lelewel', 'Serizy, Comtesse de', 'Rouvre, Chevalier du', 'Serizy, Vicomte de', 'Steinbock, Count Wenceslas', 'La Palferine, Comte de', 'Paz, Thaddee', 'Ronquerolles, Marquis de', 'Laginski, Comte Adam Mitgislas']	15
3	A Prince of Bohemia	['Bianchon, Horace', 'Nathan, Madame Raoul', 'Tissot, Pierre-Francois', 'Popinot, Madame Anselme', 'Rochefide, Marquise de', 'Nathan, Raoul', 'Bruel, Jean Francois du', 'Chaffaroux', 'Marcas, Zephirin', 'Chocardelle, Mademoiselle', 'La Baudraye, Madame Polydore Milaud de', 'La Palferine, Comte de', 'Bruel, Claudine Chaffaroux, Madame du', 'Laguerre, Mademoiselle', 'Lousteau, Etienne']	15
	The Commission in Lunacy	['Bianchon, Horace', 'Godeschal, Francois-Claude-Marie', 'Espard, Chevalier d’', 'Negrepelisse, De', 'Desroches (son)', 'Popinot, Jean-Jules', 'Espard, Charles-Maurice-Marie-Andoche, Comte de Negrepelisse, Marquis d’', 'Camusot de Marville', 'Bordin', 'Grozier, Abbe', 'Nucingen, Baronne Delphine de', 'Espard, Jeanne-Clementine-Athenais de Blamont-Chauvry, Marquise d’', 'Jeanrenaud', 'Rabourdin, Madame', 'Mongenod, Frederic']	15
13	At the Sign of the Cat and Racket	['Aiglemont, General, Marquis Victor d’', 'Roguin, Madame', 'Rabourdin, Xavier', 'Sommervieux, Madame Theodore de (Augustine)', 'Guillaume', 'Camusot', 'Lebas, Madame Joseph (Virginie)', 'Lebas, Joseph', 'Birotteau, Cesar', 'Cardot, Jean-Jerome-Severin', 'Carigliano, Marechal, Duc de', 'Carigliano, Duchesse de', 'Sommervieux, Theodore de', 'Lourdois']	14
23	Ferragus	['Desmartes, Jules', 'Marsay, Henri de', 'Langeais, Duchesse Antoinette de', 'Desplein', 'Bourignard, Gratien-Henri-Victor-Jean-Joseph', 'Gruget, Madame Etienne', 'Desmartes, Madame Jules', 'Meynardie, Madame', 'Nucingen, Baronne Delphine de', 'Pamiers, Vidame de', 'Serizy, Comtesse de', 'Maulincour, Baronne de', 'Ronquerolles, Marquis de', 'Haudry (doctor)']	14
58	The Duchesse de Langeais	['Langeais, Duc de', 'Langeais, Duchesse Antoinette de', 'Montriveau, General Marquis Armand de', 'Keller, Madame Francois', 'Blamont-Chauvry, Princesse de', 'Talleyrand-Perigord, Charles-Maurice de', 'Grandlieu, Duc Ferdinand de', 'Navarreins, Duc de', 'Granville, Comtesse Angelique de', 'Soulanges, Comtesse Hortense de', 'Pamiers, Vidame de', 'Serizy, Comtesse de', 'Marsay, Henri de', 'Ronquerolles, Marquis de']	14
51	The Celibates	['Bianchon, Horace', 'Roguin', 'Nucingen, Baron Frederic de', 'Brigaut, Major', 'Matifat, Mademoiselle', 'Tillet, Ferdinand du', 'Roguin, Madame', 'Montriveau, General Marquis Armand de', 'Desplein', 'Gouraud, General, Baron', 'Tiphaine, Madame', 'Vinet', 'Keller, Adolphe']	13
71	The Thirteen	['Desmartes, Jules', 'Marsay, Henri de', 'Langeais, Duchesse Antoinette de', 'Desplein', 'Gruget, Madame Etienne', 'Desmartes, Madame Jules', 'Meynardie, Madame', 'Nucingen, Baronne Delphine de', 'Pamiers, Vidame de', 'Serizy, Comtesse de', 'Maulincour, Baronne de', 'Ronquerolles, Marquis de', 'Haudry (doctor)']	13
40	Pierrette	['Bianchon, Horace', 'Roguin', 'Nucingen, Baron Frederic de', 'Brigaut, Major', 'Matifat, Mademoiselle', 'Tillet, Ferdinand du', 'Roguin, Madame', 'Montriveau, General Marquis Armand de', 'Desplein', 'Gouraud, General, Baron', 'Tiphaine, Madame', 'Vinet', 'Keller, Adolphe']	13
27	Honorine	['Bianchon, Horace', 'Popinot, Jean-Jules', 'Gaudron, Abbe', 'Lora, Leon de', 'Gaudissart, Felix', 'Serizy, Comte Hugret de', 'Desplein', 'Loraux, Abbe', 'Vignon, Claude', 'Fontanon, Abbe', 'Bauvan, Comte Octave de', 'Granville, Vicomte de (later Comte)', 'Touches, Mademoiselle Felicite des']	13
4	A Second Home	['Bianchon, Horace', 'Granville, Baron Eugene de', 'Vandenesse, Comtesse Felix de', 'Granville, Vicomte de', 'Crochard, Charles', 'Roguin, Madame', 'Beaumesnil, Mademoiselle', 'Fontanon, Abbe', 'Granville, Comtesse Angelique de', 'Molineux, Jean-Baptiste', 'Granville, Vicomte de (later Comte)', 'Regnier, Claude-Antoine']	12
78	Vendetta	['Magus, Elie', 'Roguin', 'Bidault (known as Gigonnet)', 'Bonaparte, Lucien', 'Murat, Joachim, Prince', 'Thirion', 'Tiphaine, Madame', 'Vergniaud, Louis', 'Bonaparte, Napoleon', 'Rapp', 'Camusot de Marville, Madame']	11
49	The Ball at Sceaux	['Fontaine, Comte de', 'Palma (banker)', 'Beaudenord, Godefroid de', 'Portenduere, Vicomte Savinien de', 'Vandenesse, Marquise Charles de (Emilie de Fontaine)', 'Rastignac, Eugene de', 'Manerville, Paul Francois-Joseph, Comte de', 'Dudley, Lady Arabella', 'Kergarouet, Comte de', 'Marsay, Henri de', 'Louis XVIII., Louis-Stanislas-Xavier']	11
16	Colonel Chabert	['Godeschal, Francois-Claude-Marie', 'Derville', 'Desroches (son)', 'Murat, Joachim, Prince', 'Crottat, Alexandre', 'Ferraud, Comtesse', 'Navarreins, Duc de', 'Vergniaud, Louis', 'Grandlieu, Vicomtesse de', 'Bonaparte, Napoleon', 'Louis XVIII., Louis-Stanislas-Xavier']	11
6	A Woman of Thirty	['Camps, Madame Octave de (nee Cadignan)', 'Aiglemont, General, Marquis Victor d’', 'Desroches (son)', 'Chatillonest, De', 'Duroc, Gerard-Christophe-Michel', 'Saint-Hereen, Comtesse Moina de', 'Crottat, Alexandre', 'Vandenesse, Marquis Charles de', 'Bonaparte, Napoleon', 'Serizy, Comtesse de', 'Ronquerolles, Marquis de']	11
65	The Magic Skin	['Bianchon, Horace', 'Taillefer, Jean-Frederic', 'Joseph', 'Rastignac, Eugene de', 'Dudley, Lady Arabella', 'Navarreins, Duc de', 'Euphrasia', 'Massol', 'Canalis, Constant-Cyr-Melchior, Baron de', 'Aquilina']	10
8	Albert Savarus	['Hannequin, Leopold', 'Savaron de Savarus', 'Nueil, Gaston de', 'Tinti, Clarina', 'Savarus, Albert Savaron de', 'Schinner, Hippolyte', 'Rhetore, Duc Alphonse de', 'Beauseant, Vicomtesse de', 'Genovese', 'Jeanrenaud']	10
18	Domestic Peace	['Keller, Francois', 'Keller, Madame Francois', 'Soulanges, Comte Leon de', 'Murat, Joachim, Prince', 'Gondreville, Malin, Comte de', 'Bonaparte, Napoleon', 'La Roche-Hugon, Martial de', 'Soulanges, Comtesse Hortense de', 'Montcornet, Marechal, Comte de']	9
66	The Marriage Contract	['Magus, Elie', 'Vandenesse, Comte Felix de', 'Claes, Josephine de Temninck, Madame', 'Manerville, Paul Francois-Joseph, Comte de', 'Casa-Real, Duc de', 'Maulincour, Baronne de', 'Stevens, Dinah', 'Manerville, Comtesse Paul de', 'Marsay, Henri de']	9
43	Sarrasine	['Lanty, Comtesse de', 'Lanty, Marianina de', 'Zambinella', 'Rochefide, Marquise de', 'Vien, Joseph-Marie', 'Carigliano, Marechal, Duc de', 'Lanty, Filippo de', 'Sarrasine, Ernest-Jean', 'Lanty, Comte de']	9
19	Eugenie Grandet	['Nathan, Madame Raoul', 'Roguin', 'Keller, Francois', 'Grandet, Charles', 'Chaulieu, Eleonore, Duchesse de', 'Grandet, Victor-Ange-Guillaume', 'Lupeaulx, Clement Chardin des', 'Nucingen, Baronne Delphine de']	8
57	The Deserted Woman	['Beauseant, Marquis and Comte de', 'Nueil, Gaston de', 'Beauseant, Vicomte de', 'Beauseant, Marquise de', 'Jacques (M. de Beauseant’s butler)', 'Champignelles, De', 'Beauseant, Vicomtesse de']	7
68	The Purse	['Souchet, Francois', 'Schinner, Hippolyte', 'Halga, Chevalier du', 'Molineux, Jean-Baptiste', 'Kergarouet, Comte de', 'Bixiou, Jean-Jacques', 'Bridau, Joseph']	7
74	The Village Rector	['Bianchon, Horace', 'Brezacs (The)', 'Grandville, Vicomte de', 'Rastignac, Monseigneur Gabriel de', 'Navarreins, Duc de', 'Grossetete (younger brother of F. Grossetete)']	6
34	Massimilla Doni	['Varese, Princess of', 'Tinti, Clarina', 'Cane, Marco-Facino', 'Victorine', 'Varese, Emilio Memmi, Prince of', 'Vendramini, Marco']	6
47	The Alkahest	['Savaron de Savarus', 'Savarus, Albert Savaron de', 'Protez and Chiffreville', 'Chiffreville, Monsieur and Madame', 'Claes, Josephine de Temninck, Madame', 'Casa-Real, Duc de']	6
39	Pierre Grassou	['Magus, Elie', 'Grassou, Pierre', 'Lora, Leon de', 'Schinner, Hippolyte', 'Cardot (Parisian notary)', 'Bridau, Joseph']	6
73	The Vicar of Tours	['Villenoix, Pauline Salomon de', 'Bourbonne, De', 'Birotteau, Abbe Francois', 'Troubert, Abbe Hyacinthe', 'Listomere, Baronne de']	5
32	Louis Lambert	['Villenoix, Pauline Salomon de', 'Lambert, Louis', 'Meyraux', 'Stael-Holstein (Anne-Louise-Germaine Necker, Baronne de)', 'Lefebvre']	5
60	The Girl with the Golden Eyes	['Dudley, Lord', 'Bourignard, Gratien-Henri-Victor-Jean-Joseph', 'Manerville, Paul Francois-Joseph, Comte de', 'Marsay, Henri de', 'Ronquerolles, Marquis de']	5
35	Melmoth Reconciled	['Claparon, Charles', 'Tillet, Ferdinand du', 'Nucingen, Baronne Delphine de', 'Euphrasia', 'Aquilina']	5
46	Study of a Woman	['Bianchon, Horace', 'Listomere, Marquise de', 'Joseph', 'Listomere, Marquis de', 'Rastignac, Eugene de']	5
25	Gaudissart II	['Talleyrand-Perigord, Charles-Maurice de', 'Victorine', 'Ronceret, Fabien-Felicien du (or Duronceret)', 'Bixiou, Jean-Jacques']	4
33	Madame Firmiani	['Camps, Madame Octave de', 'Blamont-Chauvry, Princesse de', 'Bourbonne, De', 'Camps, Octave de']	4
1	A Drama on the Seashore	['Cambremer, Pierre', 'Lambert, Louis', 'Lefebvre', 'Villenoix, Pauline Salomon de']	4
61	The Illustrious Gaudissart	['Finot, Andoche', 'Gaudissart, Felix', 'Popinot, Anselme']	3
29	La Grenadiere	['Gaston, Louis', 'Gaston, Marie', 'Brandon, Lady Marie Augusta']	3
37	Parisians in the Country	['Finot, Andoche', 'Gaudissart, Felix', 'Popinot, Anselme']	3
69	The Red Inn	['Taillefer, Jean-Frederic', 'Taillefer, Victorine']	2
21	Facino Cane	['Vendramini, Marco', 'Cane, Marco-Facino']	2
9	An Episode Under the Terror	['Beauseant, Marquis and Comte de', 'Ragon, M. and Mme.']	2
24	Gambara	['Varese, Emilio Memmi, Prince of', 'Varese, Princess of']	2
48	The Atheist's Mass	['Bianchon, Horace', 'Desplein']	2
28	La Grande Breteche	['Bianchon, Horace']	1
55	The Country Doctor	['Murat, Joachim, Prince']	1
7	Adieu	['Granville, Vicomte de']	1
79	Z. Marcas	['Marcas, Zephirin']	1