Id,Label,POS_Category,Total_Frequency
Lucien,Lucien,PROPN,1711
homme,homme,NOUN,668
pouvoir,pouvoir,VERB,666
madame,madame,NOUN,604
monsieur,monsieur,NOUN,591
aller,aller,VERB,581
grand,grand,ADJ,506
trouver,trouver,VERB,506
David,David,PROPN,504
femme,femme,NOUN,487
franc,franc,NOUN,476
voir,voir,VERB,476
vouloir,vouloir,VERB,471
donner,donner,VERB,457
petit,petit,ADJ,453
venir,venir,VERB,436
devoir,devoir,VERB,434
prendre,prendre,VERB,405
mettre,mettre,VERB,386
Bargeton,Bargeton,PROPN,354
beau,beau,ADJ,348
jeune,jeune,ADJ,323
poète,poète,NOUN,312
savoir,savoir,VERB,312
journal,journal,NOUN,304
Coralie,Coralie,PROPN,299
jour,jour,NOUN,297
ami,ami,NOUN,285
Ève,Ève,PROPN,279
Lousteau,Lousteau,PROPN,277
répondre,répondre,VERB,275
Séchard,Séchard,PROPN,270
Paris,Paris,PROPN,262
monde,monde,NOUN,260
vie,vie,NOUN,255
Cointet,Cointet,PROPN,247
moment,moment,NOUN,246
article,article,NOUN,238
père,père,NOUN,232
demander,demander,VERB,224
aimer,aimer,VERB,223
Petit-Claud,Petit-Claud,PROPN,217
Angoulême,Angoulême,PROPN,212
esprit,esprit,NOUN,212
vieux,vieux,ADJ,211
laisser,laisser,VERB,205
livre,livre,NOUN,205
chose,chose,NOUN,204
heure,heure,NOUN,199
seul,seul,ADJ,198
enfant,enfant,NOUN,196
papier,papier,NOUN,193
falloir,falloir,VERB,192
passer,passer,VERB,189
affaire,affaire,NOUN,186
temps,temps,NOUN,186
Finot,Finot,PROPN,185
devenir,devenir,VERB,184
parler,parler,VERB,184
regarder,regarder,VERB,184
cœur,cœur,NOUN,182
air,air,NOUN,176
fils,fils,NOUN,175
amour,amour,NOUN,174
mois,mois,NOUN,174
mot,mot,NOUN,174
rendre,rendre,VERB,174
Châtelet,Châtelet,PROPN,170
frère,frère,NOUN,169
pauvre,pauvre,ADJ,169
connaître,connaître,VERB,168
main,main,NOUN,166
vivre,vivre,VERB,165
arriver,arriver,VERB,163
oeil,oeil,NOUN,163
fois,fois,NOUN,159
an,an,NOUN,157
fortune,fortune,NOUN,154
province,province,NOUN,154
payer,payer,VERB,153
écrier,écrier,VERB,152
tenir,tenir,VERB,151
entendre,entendre,VERB,145
croire,croire,VERB,144
maison,maison,NOUN,142
Florine,Florine,PROPN,139
lettre,lettre,NOUN,138
mère,mère,NOUN,138
comprendre,comprendre,VERB,137
penser,penser,VERB,137
rue,rue,NOUN,137
fille,fille,NOUN,136
nom,nom,NOUN,134
tête,tête,NOUN,131
dîner,dîner,NOUN,126
rester,rester,VERB,124
Nathan,Nathan,PROPN,122
argent,argent,NOUN,122
montrer,montrer,VERB,122
regard,regard,NOUN,121
sortir,sortir,VERB,121
libraire,libraire,NOUN,120
acteur,acteur,NOUN,119
écrire,écrire,VERB,119
entrer,entrer,VERB,118
paraître,paraître,VERB,118
soir,soir,NOUN,118
revenir,revenir,VERB,117
Louise,Louise,PROPN,115
dernier,dernier,ADJ,115
imprimerie,imprimerie,NOUN,115
attendre,attendre,VERB,113
chambre,chambre,NOUN,113
journaliste,journaliste,NOUN,113
porter,porter,VERB,113
recevoir,recevoir,VERB,113
auteur,auteur,NOUN,112
sœur,sœur,NOUN,112
Dauriat,Dauriat,PROPN,111
idée,idée,NOUN,110
nouveau,nouveau,ADJ,110
perdre,perdre,VERB,109
place,place,NOUN,109
raison,raison,NOUN,109
servir,servir,VERB,109
vendre,vendre,VERB,108
lire,lire,VERB,107
porte,porte,NOUN,106
œuvre,œuvre,NOUN,106
succès,succès,NOUN,105
intérêt,intérêt,NOUN,104
secret,secret,NOUN,104
Blondet,Blondet,PROPN,103
pied,pied,NOUN,103
plaisir,plaisir,NOUN,102
jeter,jeter,VERB,101
heureux,heureux,ADJ,100
poésie,poésie,NOUN,100
reprendre,reprendre,VERB,100
famille,famille,NOUN,99
Cérizet,Cérizet,PROPN,98
société,société,NOUN,98
pensée,pensée,NOUN,97
théâtre,théâtre,NOUN,97
jouer,jouer,VERB,96
sentir,sentir,VERB,96
Kolb,Kolb,PROPN,95
pièce,pièce,NOUN,95
chercher,chercher,VERB,94
Chardon,Chardon,PROPN,93
appeler,appeler,VERB,92
doute,doute,NOUN,92
manière,manière,NOUN,92
sentiment,sentiment,NOUN,92
Espard,Espard,PROPN,90
gagner,gagner,VERB,89
gloire,gloire,NOUN,89
Arthez,Arthez,PROPN,88
marquise,marquise,NOUN,88
moyen,moyen,NOUN,88
maître,maître,NOUN,87
offrir,offrir,VERB,87
prix,prix,NOUN,87
reconnaître,reconnaître,VERB,87
talent,talent,NOUN,87
presse,presse,NOUN,86
Camusot,Camusot,PROPN,85
France,France,PROPN,85
cacher,cacher,VERB,85
coup,coup,NOUN,85
nommer,nommer,VERB,85
quitter,quitter,VERB,85
voix,voix,NOUN,85
besoin,besoin,NOUN,84
compter,compter,VERB,84
matin,matin,NOUN,83
obtenir,obtenir,VERB,83
ville,ville,NOUN,83
milieu,milieu,NOUN,82
riche,riche,ADJ,82
Étienne,Étienne,PROPN,82
billet,billet,NOUN,81
cause,cause,NOUN,81
génie,génie,NOUN,81
acheter,acheter,VERB,80
bas,bas,ADJ,78
Houmeau,Houmeau,PROPN,77
blanc,blanc,ADJ,77
lieu,lieu,NOUN,77
mari,mari,NOUN,77
parole,parole,NOUN,77
finir,finir,VERB,76
maîtresse,maîtresse,NOUN,76
présenter,présenter,VERB,76
roi,roi,NOUN,76
âme,âme,NOUN,76
Rubempré,Rubempré,PROPN,75
avoué,avoué,NOUN,75
bonheur,bonheur,NOUN,75
caractère,caractère,NOUN,74
beauté,beauté,NOUN,73
garder,garder,VERB,73
politique,politique,ADJ,73
avenir,avenir,NOUN,72
causer,causer,VERB,72
fin,fin,NOUN,72
lendemain,lendemain,NOUN,72
noble,noble,ADJ,72
occuper,occuper,VERB,72
rencontrer,rencontrer,VERB,72
agir,agir,VERB,71
force,force,NOUN,71
malheur,malheur,NOUN,71
commencer,commencer,VERB,70
commerce,commerce,NOUN,70
long,long,ADJ,70
vrai,vrai,ADJ,70
apercevoir,apercevoir,VERB,69
rédacteur,rédacteur,NOUN,69
travail,travail,NOUN,69
imprimeur,imprimeur,NOUN,68
mauvais,mauvais,ADJ,68
monter,monter,VERB,68
passion,passion,NOUN,68
Bérénice,Bérénice,PROPN,67
amant,amant,NOUN,67
cour,cour,NOUN,67
gros,gros,ADJ,66
loge,loge,NOUN,66
manquer,manquer,VERB,66
nécessaire,nécessaire,ADJ,66
tirer,tirer,VERB,66
valoir,valoir,VERB,66
directeur,directeur,NOUN,65
joli,joli,ADJ,65
misère,misère,NOUN,65
tomber,tomber,VERB,65
Merlin,Merlin,PROPN,64
Vernou,Vernou,PROPN,64
bras,bras,NOUN,64
droit,droit,NOUN,64
garçon,garçon,NOUN,64
roman,roman,NOUN,64
Dieu,Dieu,PROPN,63
littéraire,littéraire,ADJ,63
public,public,NOUN,63
mort,mort,NOUN,62
parti,parti,NOUN,62
sourire,sourire,NOUN,62
littérature,littérature,NOUN,61
prêtre,prêtre,NOUN,61
ancien,ancien,ADJ,60
apporter,apporter,VERB,60
boutique,boutique,NOUN,60
envoyer,envoyer,VERB,60
profond,profond,ADJ,60
soirée,soirée,NOUN,60
sou,sou,NOUN,60
deviner,deviner,VERB,59
oreille,oreille,NOUN,59
oublier,oublier,VERB,59
parisien,parisien,ADJ,59
second,second,ADJ,59
somme,somme,NOUN,59
sorte,sorte,NOUN,59
figure,figure,NOUN,58
salon,salon,NOUN,58
Marion,Marion,PROPN,57
apprendre,apprendre,VERB,57
coûter,coûter,VERB,57
intelligence,intelligence,NOUN,57
larme,larme,NOUN,57
travailler,travailler,VERB,57
vieillard,vieillard,NOUN,57
amitié,amitié,NOUN,56
côté,côté,NOUN,56
ouvrage,ouvrage,NOUN,56
table,table,NOUN,56
état,état,NOUN,56
feu,feu,NOUN,55
fond,fond,NOUN,55
habit,habit,NOUN,55
mariage,mariage,NOUN,55
messieur,messieur,NOUN,55
position,position,NOUN,55
promener,promener,VERB,55
suivre,suivre,VERB,55
manuscrit,manuscrit,NOUN,54
nuit,nuit,NOUN,54
phrase,phrase,NOUN,54
Métivier,Métivier,PROPN,53
acte,acte,NOUN,53
arrêter,arrêter,VERB,53
comtesse,comtesse,NOUN,53
nature,nature,NOUN,53
permettre,permettre,VERB,53
silence,silence,NOUN,53
tendre,tendre,VERB,53
accepter,accepter,VERB,52
compte,compte,NOUN,52
espérance,espérance,NOUN,52
fleur,fleur,NOUN,52
mourir,mourir,VERB,52
noir,noir,ADJ,52
peine,peine,NOUN,52
promettre,promettre,VERB,52
sembler,sembler,VERB,52
service,service,NOUN,52
voiture,voiture,NOUN,52
éprouver,éprouver,VERB,52
œil,œil,NOUN,52
Naïs,Naïs,PROPN,51
froid,froid,ADJ,51
honneur,honneur,NOUN,51
inconnu,inconnu,ADJ,51
joie,joie,NOUN,51
partir,partir,VERB,51
baron,baron,NOUN,50
conversation,conversation,NOUN,50
couleur,couleur,NOUN,50
désespoir,désespoir,NOUN,50
espèce,espèce,NOUN,50
lever,lever,VERB,50
loi,loi,NOUN,50
Rastignac,Rastignac,PROPN,49
coucher,coucher,VERB,49
écria,écria,VERB,49
Postel,Postel,PROPN,48
changer,changer,VERB,48
descendre,descendre,VERB,48
front,front,NOUN,48
librairie,librairie,NOUN,48
ministre,ministre,NOUN,48
obliger,obliger,VERB,48
question,question,NOUN,48
rôle,rôle,NOUN,48
situation,situation,NOUN,48
spirituel,spirituel,ADJ,48
Michel,Michel,PROPN,47
accompagner,accompagner,VERB,47
chef,chef,NOUN,47
expliquer,expliquer,VERB,47
forme,forme,NOUN,47
manger,manger,VERB,47
écouter,écouter,VERB,47
Matifat,Matifat,PROPN,46
employer,employer,VERB,46
essayer,essayer,VERB,46
placer,placer,VERB,46
qualité,qualité,NOUN,46
appartenir,appartenir,VERB,45
chapeau,chapeau,NOUN,45
désir,désir,NOUN,45
hasard,hasard,NOUN,45
hôtel,hôtel,NOUN,45
ouvrir,ouvrir,VERB,45
pays,pays,NOUN,45
produire,produire,VERB,45
botte,botte,NOUN,44
charger,charger,VERB,44
critique,critique,NOUN,44
geste,geste,NOUN,44
mouvement,mouvement,NOUN,44
opinion,opinion,NOUN,44
rire,rire,VERB,44
tuer,tuer,VERB,44
écrivain,écrivain,NOUN,44
horrible,horrible,ADJ,43
marchand,marchand,NOUN,43
négociant,négociant,NOUN,43
scène,scène,NOUN,43
semblable,semblable,ADJ,43
valeur,valeur,NOUN,43
annoncer,annoncer,VERB,42
courage,courage,NOUN,42
embrasser,embrasser,VERB,42
feuille,feuille,NOUN,42
histoire,histoire,NOUN,42
part,part,NOUN,42
pousser,pousser,VERB,42
Hector,Hector,PROPN,41
amener,amener,VERB,41
ange,ange,NOUN,41
cabinet,cabinet,NOUN,41
célèbre,célèbre,ADJ,41
partie,partie,NOUN,41
saisir,saisir,VERB,41
souvenir,souvenir,VERB,41
vertu,vertu,NOUN,41
ambition,ambition,NOUN,40
brillant,brillant,ADJ,40
circonstance,circonstance,NOUN,40
conduire,conduire,VERB,40
continuer,continuer,VERB,40
difficile,difficile,ADJ,40
difficulté,difficulté,NOUN,40
juger,juger,VERB,40
réussir,réussir,VERB,40
signer,signer,VERB,40
tourner,tourner,VERB,40
année,année,NOUN,39
coin,coin,NOUN,39
courir,courir,VERB,39
crier,crier,VERB,39
défendre,défendre,VERB,39
ennemi,ennemi,NOUN,39
faveur,faveur,NOUN,39
libéral,libéral,ADJ,39
magnifique,magnifique,ADJ,39
moindre,moindre,ADJ,39
plaisanterie,plaisanterie,NOUN,39
simple,simple,ADJ,39
souper,souper,VERB,39
titre,titre,NOUN,39
atelier,atelier,NOUN,38
chagrin,chagrin,NOUN,38
cousin,cousin,NOUN,38
duc,duc,NOUN,38
examiner,examiner,VERB,38
français,français,ADJ,38
genre,genre,NOUN,38
goût,goût,NOUN,38
immense,immense,ADJ,38
ressembler,ressembler,VERB,38
supérieur,supérieur,ADJ,38
époque,époque,NOUN,38
Chrestien,Chrestien,PROPN,37
ajouter,ajouter,VERB,37
bois,bois,NOUN,37
charmant,charmant,ADJ,37
cheval,cheval,NOUN,37
demeurer,demeurer,VERB,37
eau,eau,NOUN,37
empêcher,empêcher,VERB,37
expression,expression,NOUN,37
jeu,jeu,NOUN,37
livrer,livrer,VERB,37
marier,marier,VERB,37
peur,peur,NOUN,37
plume,plume,NOUN,37
prouver,prouver,VERB,37
remettre,remettre,VERB,37
royaliste,royaliste,ADJ,37
spectacle,spectacle,NOUN,37
tour,tour,NOUN,37
triomphe,triomphe,NOUN,37
Lupeaulx,Lupeaulx,PROPN,36
Marsac,Marsac,PROPN,36
Marsay,Marsay,PROPN,36
Nègrepelisse,Nègrepelisse,PROPN,36
boulevard,boulevard,NOUN,36
composer,composer,VERB,36
dette,dette,NOUN,36
engager,engager,VERB,36
impossible,impossible,ADJ,36
proposer,proposer,VERB,36
rentrer,rentrer,VERB,36
saluer,saluer,VERB,36
science,science,NOUN,36
vin,vin,NOUN,36
visage,visage,NOUN,36
Cénacle,Cénacle,PROPN,35
Sénonches,Sénonches,PROPN,35
grandeur,grandeur,NOUN,35
journée,journée,NOUN,35
lit,lit,NOUN,35
poser,poser,VERB,35
raconter,raconter,VERB,35
retrouver,retrouver,VERB,35
sourier,sourier,VERB,35
épouser,épouser,VERB,35
Doublon,Doublon,PROPN,34
attention,attention,NOUN,34
bourgeois,bourgeois,NOUN,34
chemin,chemin,NOUN,34
douleur,douleur,NOUN,34
exister,exister,VERB,34
fabriquer,fabriquer,VERB,34
faute,faute,NOUN,34
former,former,VERB,34
inventer,inventer,VERB,34
luxe,luxe,NOUN,34
meilleur,meilleur,ADJ,34
objet,objet,NOUN,34
prote,prote,NOUN,34
préparer,préparer,VERB,34
présent,présent,NOUN,34
refuser,refuser,VERB,34
route,route,NOUN,34
salle,salle,NOUN,34
sonnet,sonnet,NOUN,34
toilette,toilette,NOUN,34
voyage,voyage,NOUN,34
étonner,étonner,VERB,34
événement,événement,NOUN,34
Marguerites,Marguerites,PROPN,33
Stanislas,Stanislas,PROPN,33
cheveu,cheveu,NOUN,33
comte,comte,NOUN,33
digne,digne,ADJ,33
drôle,drôle,ADJ,33
général,général,NOUN,33
préfet,préfet,NOUN,33
rouge,rouge,ADJ,33
répéter,répéter,VERB,33
soutenir,soutenir,VERB,33
terrible,terrible,ADJ,33
traiter,traiter,VERB,33
tromper,tromper,VERB,33
échapper,échapper,VERB,33
établir,établir,VERB,33
étudier,étudier,VERB,33
Vignon,Vignon,PROPN,32
aspect,aspect,NOUN,32
brevet,brevet,NOUN,32
cas,cas,NOUN,32
dame,dame,NOUN,32
doux,doux,ADJ,32
dévorer,dévorer,VERB,32
entier,entier,ADJ,32
escalier,escalier,NOUN,32
exprimer,exprimer,VERB,32
expérience,expérience,NOUN,32
frapper,frapper,VERB,32
grâce,grâce,NOUN,32
lutte,lutte,NOUN,32
ménage,ménage,NOUN,32
ordre,ordre,NOUN,32
ouvrier,ouvrier,NOUN,32
pareil,pareil,ADJ,32
peindre,peindre,VERB,32
personnage,personnage,NOUN,32
pleurer,pleurer,VERB,32
puissance,puissance,NOUN,32
pur,pur,ADJ,32
semaine,semaine,NOUN,32
sûr,sûr,ADJ,32
vert,vert,ADJ,32
Barbet,Barbet,PROPN,31
Charente,Charente,PROPN,31
Charles,Charles,PROPN,31
atteindre,atteindre,VERB,31
bout,bout,NOUN,31
camarade,camarade,NOUN,31
corps,corps,NOUN,31
espagnol,espagnol,PROPN,31
face,face,NOUN,31
facile,facile,ADJ,31
fameux,fameux,ADJ,31
gentilhomme,gentilhomme,NOUN,31
imprimer,imprimer,VERB,31
malheureux,malheureux,ADJ,31
nécessité,nécessité,NOUN,31
rare,rare,ADJ,31
reprit,reprit,VERB,31
réponse,réponse,NOUN,31
soleil,soleil,NOUN,31
vue,vue,NOUN,31
Flicoteaux,Flicoteaux,PROPN,30
Francis,Francis,PROPN,30
Napoléon,Napoléon,PROPN,30
attaquer,attaquer,VERB,30
cavalier,cavalier,NOUN,30
destinée,destinée,NOUN,30
début,début,NOUN,30
découverte,découverte,NOUN,30
envie,envie,NOUN,30
grave,grave,ADJ,30
journalisme,journalisme,NOUN,30
jugement,jugement,NOUN,30
matière,matière,NOUN,30
mener,mener,VERB,30
mœur,mœur,NOUN,30
papeterie,papeterie,NOUN,30
robe,robe,NOUN,30
sauver,sauver,VERB,30
siècle,siècle,NOUN,30
vanité,vanité,NOUN,30
voie,voie,NOUN,30
abandonner,abandonner,VERB,29
amour-propre,amour-propre,NOUN,29
appartement,appartement,NOUN,29
bleu,bleu,ADJ,29
bureau,bureau,NOUN,29
colonne,colonne,NOUN,29
condition,condition,NOUN,29
connaissance,connaissance,NOUN,29
curiosité,curiosité,NOUN,29
endroit,endroit,NOUN,29
exemplaire,exemplaire,NOUN,29
fendant,fendant,PROPN,29
fier,fier,ADJ,29
forcer,forcer,VERB,29
gouvernement,gouvernement,NOUN,29
habiller,habiller,VERB,29
ligne,ligne,NOUN,29
lumière,lumière,NOUN,29
marché,marché,NOUN,29
posséder,posséder,VERB,29
propre,propre,ADJ,29
remarquer,remarquer,VERB,29
secrétaire,secrétaire,NOUN,29
sujet,sujet,NOUN,29
écus,écus,NOUN,29
Amélie,Amélie,PROPN,28
Chandour,Chandour,PROPN,28
Daniel,Daniel,PROPN,28
Louis,Louis,PROPN,28
battre,battre,VERB,28
bonhomme,bonhomme,NOUN,28
boudoir,boudoir,NOUN,28
dévouement,dévouement,NOUN,28
gilet,gilet,NOUN,28
ignorer,ignorer,VERB,28
illustre,illustre,ADJ,28
lancer,lancer,VERB,28
meuble,meuble,NOUN,28
mode,mode,NOUN,28
mêler,mêler,VERB,28
plaire,plaire,VERB,28
prison,prison,NOUN,28
propriétaire,propriétaire,NOUN,28
retour,retour,NOUN,28
rival,rival,NOUN,28
soin,soin,NOUN,28
sublime,sublime,ADJ,28
éclairer,éclairer,VERB,28
élégant,élégant,ADJ,28
Bruel,Bruel,PROPN,27
Tribunal,Tribunal,PROPN,27
abbé,abbé,NOUN,27
ambitieux,ambitieux,NOUN,27
beau-frère,beau-frère,NOUN,27
campagne,campagne,NOUN,27
conscience,conscience,NOUN,27
conseil,conseil,NOUN,27
déjeuner,déjeuner,NOUN,27
empire,empire,NOUN,27
habile,habile,ADJ,27
huissier,huissier,NOUN,27
inventeur,inventeur,NOUN,27
marcher,marcher,VERB,27
mise,mise,NOUN,27
moitié,moitié,NOUN,27
moral,moral,ADJ,27
pain,pain,NOUN,27
pantalon,pantalon,NOUN,27
pardonner,pardonner,VERB,27
profiter,profiter,VERB,27
proie,proie,NOUN,27
publier,publier,VERB,27
rapporter,rapporter,VERB,27
sérieux,sérieux,ADJ,27
terre,terre,NOUN,27
vérité,vérité,NOUN,27
Ours,Ours,PROPN,26
Zéphirine,Zéphirine,PROPN,26
adorer,adorer,VERB,26
aider,aider,VERB,26
chanter,chanter,VERB,26
conduite,conduite,NOUN,26
disposer,disposer,VERB,26
existence,existence,NOUN,26
foi,foi,NOUN,26
haine,haine,NOUN,26
influence,influence,NOUN,26
jeunesse,jeunesse,NOUN,26
juge,juge,NOUN,26
langue,langue,NOUN,26
misérable,misérable,ADJ,26
naître,naître,VERB,26
partager,partager,VERB,26
prêter,prêter,VERB,26
rente,rente,NOUN,26
retourner,retourner,VERB,26
ruiner,ruiner,VERB,26
songer,songer,VERB,26
vente,vente,NOUN,26
vigneron,vigneron,NOUN,26
élever,élever,VERB,26
Basine,Basine,PROPN,25
accorder,accorder,VERB,25
achever,achever,VERB,25
adresser,adresser,VERB,25
amoureux,amoureux,ADJ,25
attacher,attacher,VERB,25
baiser,baiser,VERB,25
chiffon,chiffon,NOUN,25
collége,collége,NOUN,25
diplomate,diplomate,NOUN,25
double,double,ADJ,25
exiger,exiger,VERB,25
habitude,habitude,NOUN,25
jouissance,jouissance,NOUN,25
lèvre,lèvre,NOUN,25
léger,léger,ADJ,25
plan,plan,NOUN,25
réveiller,réveiller,VERB,25
social,social,ADJ,25
souffrance,souffrance,NOUN,25
trésor,trésor,NOUN,25
veille,veille,NOUN,25
étranger,étranger,ADJ,25
étude,étude,NOUN,25
Bianchon,Bianchon,PROPN,24
Félicien,Félicien,PROPN,24
Mûrier,Mûrier,PROPN,24
accuser,accuser,VERB,24
briller,briller,VERB,24
bruit,bruit,NOUN,24
charge,charge,NOUN,24
condamner,condamner,VERB,24
conserver,conserver,VERB,24
convenir,convenir,VERB,24
craindre,craindre,VERB,24
créature,créature,NOUN,24
discussion,discussion,NOUN,24
défaut,défaut,NOUN,24
délicieux,délicieux,ADJ,24
fatal,fatal,ADJ,24
fer,fer,NOUN,24
futur,futur,ADJ,24
jouir,jouir,VERB,24
lecture,lecture,NOUN,24
mobilier,mobilier,NOUN,24
musique,musique,NOUN,24
naturel,naturel,ADJ,24
observer,observer,VERB,24
plaindre,plaindre,VERB,24
prince,prince,NOUN,24
remplacer,remplacer,VERB,24
représenter,représenter,VERB,24
reste,reste,NOUN,24
royal,royal,ADJ,24
réaliser,réaliser,VERB,24
sens,sens,NOUN,24
suicide,suicide,NOUN,24
surprendre,surprendre,VERB,24
voisin,voisin,NOUN,24
épreuve,épreuve,NOUN,24
étrange,étrange,ADJ,24
Braulard,Braulard,PROPN,23
action,action,NOUN,23
blesser,blesser,VERB,23
cheminée,cheminée,NOUN,23
cœurs,cœurs,NOUN,23
dignité,dignité,NOUN,23
diriger,diriger,VERB,23
espérer,espérer,VERB,23
faux,faux,ADJ,23
honnête,honnête,ADJ,23
impression,impression,NOUN,23
instant,instant,NOUN,23
invention,invention,NOUN,23
maladie,maladie,NOUN,23
métier,métier,NOUN,23
nouvelle,nouvelle,NOUN,23
opposer,opposer,VERB,23
oser,oser,VERB,23
palais,palais,NOUN,23
parvenir,parvenir,VERB,23
poche,poche,NOUN,23
poursuivre,poursuivre,VERB,23
promesse,promesse,NOUN,23
propos,propos,NOUN,23
présence,présence,NOUN,23
pâte,pâte,NOUN,23
redingote,redingote,NOUN,23
savant,savant,NOUN,23
souffrir,souffrir,VERB,23
vice,vice,NOUN,23
visite,visite,NOUN,23
véritable,véritable,ADJ,23
âge,âge,NOUN,23
égal,égal,ADJ,23
énorme,énorme,ADJ,23
étage,étage,NOUN,23
Scott,Scott,PROPN,22
actuel,actuel,ADJ,22
admettre,admettre,VERB,22
assir,assir,VERB,22
banquier,banquier,NOUN,22
choisir,choisir,VERB,22
ciel,ciel,NOUN,22
craître,craître,VERB,22
emporter,emporter,VERB,22
exciter,exciter,VERB,22
fabrication,fabrication,NOUN,22
fenêtre,fenêtre,NOUN,22
finesse,finesse,NOUN,22
intérieur,intérieur,ADJ,22
inutile,inutile,ADJ,22
malade,malade,ADJ,22
opposition,opposition,NOUN,22
page,page,NOUN,22
perte,perte,NOUN,22
pharmacien,pharmacien,NOUN,22
poème,poème,NOUN,22
procurer,procurer,VERB,22
prêt,prêt,ADJ,22
réunir,réunir,VERB,22
révolution,révolution,NOUN,22
saint,saint,ADJ,22
signe,signe,NOUN,22
système,système,NOUN,22
tenter,tenter,VERB,22
terminer,terminer,VERB,22
tort,tort,NOUN,22
trait,trait,NOUN,22
travers,travers,NOUN,22
triste,triste,ADJ,22
vengeance,vengeance,NOUN,22
volume,volume,NOUN,22
éclat,éclat,NOUN,22
éloge,éloge,NOUN,22
Fulgence,Fulgence,PROPN,21
Léon,Léon,PROPN,21
Walter,Walter,PROPN,21
annonce,annonce,NOUN,21
art,art,NOUN,21
attirer,attirer,VERB,21
capable,capable,ADJ,21
complet,complet,ADJ,21
coulisse,coulisse,NOUN,21
doigt,doigt,NOUN,21
fermer,fermer,VERB,21
industrie,industrie,NOUN,21
inviter,inviter,VERB,21
linge,linge,NOUN,21
loger,loger,VERB,21
loyer,loyer,NOUN,21
mur,mur,NOUN,21
méchant,méchant,ADJ,21
observation,observation,NOUN,21
occasion,occasion,NOUN,21
original,original,ADJ,21
pauvrer,pauvrer,ADJ,21
physionomie,physionomie,NOUN,21
produit,produit,NOUN,21
proposition,proposition,NOUN,21
propriété,propriété,NOUN,21
prétention,prétention,NOUN,21
situer,situer,VERB,21
subir,subir,VERB,21
touches,touches,PROPN,21
usage,usage,NOUN,21
utile,utile,ADJ,21
Cachan,Cachan,PROPN,20
Sixte,Sixte,PROPN,20
affection,affection,NOUN,20
affiche,affiche,NOUN,20
affreux,affreux,ADJ,20
allée,allée,NOUN,20
artiste,artiste,NOUN,20
bouche,bouche,NOUN,20
calèche,calèche,NOUN,20
capital,capital,NOUN,20
caresser,caresser,VERB,20
chemise,chemise,NOUN,20
comparer,comparer,VERB,20
conseiller,conseiller,VERB,20
costume,costume,NOUN,20
couper,couper,VERB,20
couvert,couvert,NOUN,20
danger,danger,NOUN,20
dangereux,dangereux,ADJ,20
démarche,démarche,NOUN,20
désirer,désirer,VERB,20
emmener,emmener,VERB,20
empresser,empresser,VERB,20
exemple,exemple,NOUN,20
exploitation,exploitation,NOUN,20
extraordinaire,extraordinaire,ADJ,20
fou,fou,ADJ,20
garde,garde,NOUN,20
gris,gris,ADJ,20
gymnase,gymnase,PROPN,20
hauteur,hauteur,NOUN,20
honte,honte,NOUN,20
inquiet,inquiet,ADJ,20
intention,intention,NOUN,20
jaloux,jaloux,ADJ,20
maintenir,maintenir,VERB,20
marche,marche,NOUN,20
matériel,matériel,NOUN,20
moquer,moquer,VERB,20
piquer,piquer,VERB,20
plupart,plupart,NOUN,20
prier,prier,VERB,20
procédé,procédé,NOUN,20
protection,protection,NOUN,20
prétexte,prétexte,NOUN,20
réflexion,réflexion,NOUN,20
soie,soie,NOUN,20
soldat,soldat,NOUN,20
style,style,NOUN,20
terme,terme,NOUN,20
traité,traité,NOUN,20
unique,unique,ADJ,20
violent,violent,ADJ,20
éducation,éducation,NOUN,20
Claude,Claude,PROPN,19
Giraud,Giraud,PROPN,19
Giroudeau,Giroudeau,PROPN,19
anglais,anglais,ADJ,19
apparence,apparence,NOUN,19
archer,archer,PROPN,19
arme,arme,NOUN,19
arranger,arranger,VERB,19
avance,avance,NOUN,19
bizarre,bizarre,ADJ,19
commun,commun,ADJ,19
confiance,confiance,NOUN,19
contenir,contenir,VERB,19
couronne,couronne,NOUN,19
cravate,cravate,NOUN,19
débat,débat,NOUN,19
décider,décider,VERB,19
département,département,NOUN,19
encre,encre,NOUN,19
entraîner,entraîner,VERB,19
estime,estime,NOUN,19
fatiguer,fatiguer,VERB,19
faubourg,faubourg,NOUN,19
généreux,généreux,ADJ,19
illusion,illusion,NOUN,19
inspirer,inspirer,VERB,19
mademoisel,mademoisel,NOUN,19
médecin,médecin,NOUN,19
mémoire,mémoire,NOUN,19
pistolet,pistolet,NOUN,19
poir,poir,VERB,19
preuve,preuve,NOUN,19
protecteur,protecteur,NOUN,19
relever,relever,VERB,19
ridicule,ridicule,NOUN,19
rédaction,rédaction,NOUN,19
résultat,résultat,NOUN,19
soupçonner,soupçonner,VERB,19
supériorité,supériorité,NOUN,19
tailleur,tailleur,NOUN,19
toucher,toucher,VERB,19
volonté,volonté,NOUN,19
émotion,émotion,NOUN,19
étoffe,étoffe,NOUN,19
étonnement,étonnement,NOUN,19
Beaulieu,Beaulieu,PROPN,18
Galeries-de-Bois,Galeries-de-Bois,PROPN,18
Montcornet,Montcornet,PROPN,18
Opéra,Opéra,PROPN,18
alcade,alcade,NOUN,18
ardeur,ardeur,NOUN,18
boire,boire,VERB,18
bâtir,bâtir,VERB,18
caisse,caisse,NOUN,18
chaise,chaise,NOUN,18
changement,changement,NOUN,18
commander,commander,VERB,18
contraire,contraire,NOUN,18
cou,cou,NOUN,18
court,court,ADJ,18
créer,créer,VERB,18
curé,curé,NOUN,18
destiner,destiner,VERB,18
dir,dir,VERB,18
distinguer,distinguer,VERB,18
dépenser,dépenser,VERB,18
détail,détail,NOUN,18
effort,effort,NOUN,18
effrayer,effrayer,VERB,18
enchanter,enchanter,VERB,18
excessif,excessif,ADJ,18
exploiter,exploiter,VERB,18
folie,folie,NOUN,18
fonds,fonds,NOUN,18
foule,foule,NOUN,18
fournir,fournir,VERB,18
fruit,fruit,NOUN,18
guerre,guerre,NOUN,18
imagination,imagination,NOUN,18
inquiétude,inquiétude,NOUN,18
jaune,jaune,ADJ,18
libre,libre,ADJ,18
libéraux,libéraux,PROPN,18
merveille,merveille,NOUN,18
midi,midi,NOUN,18
ministériel,ministériel,ADJ,18
naïf,naïf,ADJ,18
niais,niais,ADJ,18
nombre,nombre,NOUN,18
obéir,obéir,VERB,18
peuple,peuple,NOUN,18
problème,problème,NOUN,18
prétendu,prétendu,ADJ,18
ramener,ramener,VERB,18
recueil,recueil,NOUN,18
revoir,revoir,VERB,18
rouler,rouler,VERB,18
sacrifier,sacrifier,VERB,18
seigneur,seigneur,NOUN,18
signature,signature,NOUN,18
soumettre,soumettre,VERB,18
taille,taille,NOUN,18
trahison,trahison,NOUN,18
Didot,Didot,PROPN,17
Françoise,Françoise,PROPN,17
Jean,Jean,PROPN,17
Panorama-Dramatique,Panorama-Dramatique,PROPN,17
administration,administration,NOUN,17
aise,aise,NOUN,17
attaque,attaque,NOUN,17
avare,avare,NOUN,17
beau-père,beau-père,NOUN,17
bénéfice,bénéfice,NOUN,17
calcul,calcul,NOUN,17
chance,chance,NOUN,17
clair,clair,ADJ,17
client,client,NOUN,17
coller,coller,VERB,17
commerçant,commerçant,NOUN,17
compagnie,compagnie,NOUN,17
concevoir,concevoir,VERB,17
crime,crime,NOUN,17
cultiver,cultiver,VERB,17
distance,distance,NOUN,17
divin,divin,ADJ,17
droguiste,droguiste,NOUN,17
débiteur,débiteur,NOUN,17
découvrir,découvrir,VERB,17
député,député,NOUN,17
enlever,enlever,VERB,17
fil,fil,NOUN,17
foyer,foyer,NOUN,17
horreur,horreur,NOUN,17
imposer,imposer,VERB,17
intéresser,intéresser,VERB,17
jalousie,jalousie,NOUN,17
joindre,joindre,VERB,17
lier,lier,VERB,17
maigre,maigre,ADJ,17
marron,marron,PROPN,17
mesure,mesure,NOUN,17
nez,nez,NOUN,17
noblesse,noblesse,NOUN,17
opération,opération,NOUN,17
ordonnance,ordonnance,NOUN,17
paix,paix,NOUN,17
plat,plat,NOUN,17
procès,procès,NOUN,17
relation,relation,NOUN,17
ressource,ressource,NOUN,17
retirer,retirer,VERB,17
rideau,rideau,NOUN,17
résister,résister,VERB,17
révéler,révéler,VERB,17
singulier,singulier,ADJ,17
sombre,sombre,ADJ,17
soulier,soulier,NOUN,17
suffire,suffire,VERB,17
surprise,surprise,NOUN,17
séparer,séparer,VERB,17
tendresse,tendresse,NOUN,17
traverser,traverser,VERB,17
éviter,éviter,VERB,17
évêque,évêque,NOUN,17
Bordeaux,Bordeaux,PROPN,16
Bridau,Bridau,PROPN,16
Hautoy,Hautoy,PROPN,16
Messieurs,Messieurs,PROPN,16
Porchon,Porchon,PROPN,16
Samanon,Samanon,PROPN,16
abonnement,abonnement,NOUN,16
abonné,abonné,NOUN,16
admiration,admiration,NOUN,16
admirer,admirer,VERB,16
amuser,amuser,VERB,16
arracher,arracher,VERB,16
asseoir,asseoir,VERB,16
avantage,avantage,NOUN,16
avoués,avoués,NOUN,16
bonnet,bonnet,NOUN,16
café,café,NOUN,16
chanson,chanson,NOUN,16
commettre,commettre,VERB,16
consoler,consoler,VERB,16
corde,corde,NOUN,16
coton,coton,NOUN,16
cours,cours,NOUN,16
domestique,domestique,ADJ,16
dur,dur,ADJ,16
départ,départ,NOUN,16
déployer,déployer,VERB,16
désert,désert,NOUN,16
fauteuil,fauteuil,NOUN,16
flatter,flatter,VERB,16
fête,fête,NOUN,16
gracieux,gracieux,ADJ,16
gêner,gêner,VERB,16
honteux,honteux,ADJ,16
image,image,NOUN,16
incapable,incapable,ADJ,16
introduire,introduire,VERB,16
jambe,jambe,NOUN,16
jardin,jardin,NOUN,16
langage,langage,NOUN,16
lâcheté,lâcheté,NOUN,16
mansarde,mansarde,NOUN,16
militaire,militaire,NOUN,16
méditer,méditer,VERB,16
passage,passage,NOUN,16
planche,planche,NOUN,16
presser,presser,VERB,16
prononcer,prononcer,VERB,16
protéger,protéger,VERB,16
préfète,préfète,NOUN,16
rame,rame,NOUN,16
rapide,rapide,ADJ,16
recherche,recherche,NOUN,16
recommander,recommander,VERB,16
reine,reine,NOUN,16
religieux,religieux,ADJ,16
religion,religion,NOUN,16
remercier,remercier,VERB,16
rose,rose,NOUN,16
répliquer,répliquer,VERB,16
réputation,réputation,NOUN,16
rêve,rêve,NOUN,16
sauter,sauter,VERB,16
sein,sein,NOUN,16
sphère,sphère,NOUN,16
veuve,veuve,NOUN,16
Évêque,Évêque,PROPN,16
école,école,NOUN,16
élevé,élevé,ADJ,16
